2, 0, 12.000000, 0.001311, 0.434702, 0.460321, 61, 0, 4, 1
2, 0, 12.000000, 0.118171, 1.898355, 0.240524, 64, 0, 0, 6
2, 0, 12.000000, 0.244331, 0.606822, 0.550945, 61, 0, 1, 8
2, 0, 12.000000, 0.300873, 1.895378, 0.158905, 64, 0, 1, 0
2, 0, 12.000000, 0.283465, 0.574987, 0.916242, 63, 0, 0, 4
2, 0, 12.000000, 0.422679, 3.010505, 0.227241, 64, 0, 7, 5
2, 0, 12.000000, 0.154034, 1.052565, 0.445612, 62, 0, 2, 5
2, 0, 12.000000, 0.107776, 1.537198, 0.049966, 66, 0, 10, 4
2, 0, 12.000000, 0.370558, 0.761534, 0.419668, 56, 0, 2, 1
2, 0, 12.000000, 0.136981, 0.333816, 0.727130, 67, 0, 4, 3
2, 0, 12.000000, 0.115005, 0.488187, 0.924421, 67, 0, 3, 3
2, 0, 18.000000, 0.058553, 0.850406, 0.735903, 67, 1, 0, 6
2, 0, 12.000000, 0.079711, 1.170870, 0.001486, 67, 0, 7, 7
2, 0, 12.000000, 0.311710, 1.351294, 0.909761, 61, 0, 0, 10
2, 0, 24.000000, 0.473362, 0.673552, 0.429622, 57, 2, 0, 8
2, 0, 12.000000, 0.321148, 2.135182, 0.216807, 63, 0, 2, 4
2, 0, 12.000000, 0.354644, 1.087555, 0.323501, 59, 2, 1, 2
2, 0, 12.000000, 0.234481, 1.398827, 0.754174, 61, 0, 4, 0
2, 0, 12.000000, 0.243056, 0.918562, 0.005624, 66, 0, 10, 6
2, 0, 12.000000, 0.374066, 0.205617, 0.543148, 54, 0, 2, 5
2, 0, 12.000000, 0.158683, 0.834124, 0.124791, 58, 0, 8, 6
2, 0, 12.000000, 0.232282, 0.763399, 0.317325, 61, 0, 2, 2
2, 0, 12.000000, 0.420177, 1.413333, 0.997292, 60, 0, 2, 2
2, 0, 12.000000, 0.168269, 1.314638, 0.134431, 62, 0, 3, 0
2, 0, 12.000000, 0.196040, 0.597156, 0.131187, 60, 1, 1, 4
2, 0, 12.000000, 0.152853, 1.212957, 0.052519, 62, 0, 7, 8
2, 0, 12.000000, 0.029643, 1.344381, 0.474106, 59, 0, 4, 0
2, 0, 18.000000, 0.306322, 1.148761, 0.707870, 61, 2, 6, 10
2, 0, 12.000000, 0.136396, 0.721305, 0.113973, 68, 0, 0, 8
2, 0, 24.000000, 0.186688, 0.554491, 0.760284, 56, 6, 7, 6
2, 0, 12.000000, 0.316966, 0.945816, 0.069517, 64, 0, 3, 0
2, 0, 12.000000, 0.324008, 5.184569, 0.262511, 57, 0, 1, 10
2, 0, 12.000000, 0.186611, 1.972261, 0.368389, 65, 0, 4, 10
2, 0, 12.000000, 0.300056, 1.256570, 0.276010, 63, 1, 4, 3
2, 0, 12.000000, 0.141595, 1.258199, 0.789499, 66, 0, 1, 0
2, 0, 12.000000, 0.303889, 2.014556, 0.396683, 61, 0, 0, 0
2, 0, 12.000000, 0.154527, 0.817250, 0.753049, 64, 2, 7, 4
2, 0, 12.000000, 0.150103, 1.777500, 0.287409, 66, 0, 2, 5
2, 0, 12.000000, 0.146322, 0.859803, 0.461789, 64, 0, 1, 3
2, 0, 12.000000, 0.204197, 1.623082, 0.178724, 63, 0, 3, 5
2, 0, 12.000000, 0.411451, 0.563550, 0.367850, 60, 0, 2, 5
2, 0, 12.000000, 0.079063, 0.414194, 0.612734, 60, 2, 2, 2
2, 0, 12.000000, 0.385698, 0.674385, 0.044358, 57, 1, 3, 1
2, 0, 12.000000, 0.126379, 0.349749, 0.477920, 64, 0, 0, 1
2, 0, 12.000000, 0.371036, 1.371480, 0.633476, 58, 0, 4, 0
2, 0, 12.000000, 0.281802, 1.733301, 0.809594, 61, 1, 5, 1
2, 0, 12.000000, 0.119838, 0.614220, 0.802925, 62, 1, 5, 1
2, 0, 12.000000, 0.002795, 1.822799, 0.796317, 63, 0, 7, 4
2, 0, 18.000000, 0.275875, 0.825956, 0.965829, 61, 2, 1, 6
2, 0, 12.000000, 0.243486, 1.043960, 0.940232, 64, 0, 2, 4
2, 0, 12.000000, 0.120443, 0.208455, 0.139770, 63, 1, 6, 1
2, 0, 12.000000, 0.344728, 0.590216, 0.750807, 62, 0, 0, 0
2, 0, 12.000000, 0.391616, 0.283814, 0.489362, 60, 2, 0, 3
2, 0, 30.000000, 0.034071, 1.253322, 0.559172, 55, 11, 5, 5
2, 0, 18.000000, 0.328175, 0.375215, 0.100404, 52, 7, 0, 4
2, 0, 12.000000, 0.124825, 0.381636, 0.068993, 70, 0, 1, 8
2, 0, 12.000000, 0.213799, 2.371175, 0.859342, 64, 0, 4, 2
2, 0, 12.000000, 0.010685, 0.985591, 0.686599, 68, 0, 1, 6
2, 0, 12.000000, 0.206121, 0.916668, 0.981012, 56, 1, 4, 0
2, 0, 12.000000, 0.122787, 1.664020, 0.869174, 64, 0, 0, 3
2, 0, 12.000000, 0.376345, 0.993547, 0.907000, 62, 0, 5, 7
2, 0, 12.000000, 0.045748, 1.171042, 0.684119, 59, 2, 1, 2
2, 0, 12.000000, 0.065656, 0.560365, 0.343333, 62, 4, 5, 4
2, 0, 54.000000, 0.226072, 0.705083, 0.809650, 62, 11, 3, 5
2, 0, 12.000000, 0.429827, 1.105449, 0.256099, 65, 1, 9, 7
2, 0, 24.000000, 0.065616, 0.635457, 0.648935, 60, 2, 0, 1
2, 0, 12.000000, 0.058225, 1.380538, 0.015914, 63, 0, 5, 4
2, 0, 12.000000, 0.127974, 0.481127, 0.550056, 62, 0, 2, 4
2, 0, 12.000000, 0.290528, 1.374480, 0.909070, 64, 0, 5, 5
2, 0, 12.000000, 0.050900, 1.838996, 0.540810, 60, 3, 5, 3
2, 0, 48.000000, 0.049618, 0.449500, 0.166094, 56, 8, 4, 5
2, 0, 12.000000, 0.151970, 0.508287, 0.606047, 68, 0, 2, 6
2, 0, 18.000000, 0.380376, 3.132988, 0.514355, 54, 17, 8, 1
2, 0, 12.000000, 0.168474, 2.279564, 0.288240, 68, 1, 9, 5
2, 0, 24.000000, 0.252480, 2.880824, 0.470771, 57, 6, 2, 5
2, 0, 12.000000, 0.111723, 1.220826, 0.493049, 65, 0, 3, 3
2, 0, 60.000000, 0.231803, 1.617763, 0.566263, 55, 13, 2, 4
2, 0, 18.000000, 0.273040, 1.004184, 0.307665, 58, 2, 3, 5
2, 0, 12.000000, 0.109247, 1.239813, 0.429318, 63, 0, 3, 16
2, 0, 12.000000, 0.188257, 0.747582, 0.003182, 60, 7, 4, 2
2, 0, 12.000000, 0.179621, 2.460143, 0.642688, 63, 1, 3, 2
2, 0, 12.000000, 0.607720, 0.079415, 0.879470, 42, 0, 3, 5
2, 0, 12.000000, 0.037222, 0.472211, 0.073273, 64, 1, 0, 7
2, 0, 12.000000, 0.319857, 1.696302, 0.334170, 63, 0, 3, 6
2, 0, 30.000000, 0.111193, 0.610655, 0.866075, 60, 7, 1, 3
2, 0, 12.000000, 0.455507, 1.595708, 0.173420, 62, 0, 1, 0
2, 0, 12.000000, 0.317789, 0.536709, 0.250022, 67, 0, 2, 11
2, 0, 36.000000, 0.284772, 1.736641, 0.024058, 59, 13, 1, 6
2, 0, 12.000000, 0.151494, 1.869696, 0.919766, 64, 1, 14, 11
2, 0, 42.000000, 0.582876, 1.098113, 0.458956, 48, 9, 5, 2
2, 0, 18.000000, 0.005080, 2.478209, 0.826164, 64, 1, 5, 2
2, 0, 12.000000, 0.262943, 3.539219, 0.466122, 61, 1, 8, 5
2, 0, 12.000000, 0.192266, 2.656249, 0.229854, 66, 0, 8, 7
2, 0, 12.000000, 0.079890, 1.529188, 0.342573, 65, 0, 3, 5
2, 0, 12.000000, 0.165770, 1.181319, 0.502576, 62, 0, 4, 9
2, 0, 12.000000, 0.288803, 0.578073, 0.302011, 67, 0, 2, 2
2, 0, 42.000000, 0.339778, 0.641109, 0.460901, 58, 6, 4, 5
2, 0, 12.000000, 0.018879, 1.509319, 0.212294, 66, 0, 0, 0
2, 0, 42.000000, 0.483722, 0.810912, 0.106796, 62, 12, 7, 6
2, 0, 12.000000, 0.323911, 1.196284, 0.057796, 64, 3, 2, 0
2, 0, 12.000000, 0.146911, 0.924845, 0.457629, 66, 1, 0, 4
2, 0, 12.000000, 0.047316, 0.582905, 0.502002, 63, 0, 1, 9
2, 0, 12.000000, 0.108691, 0.518569, 0.518116, 63, 0, 3, 6
2, 0, 12.000000, 0.320422, 0.751777, 0.010101, 57, 1, 2, 4
2, 0, 12.000000, 0.475840, 1.000901, 0.342949, 60, 0, 1, 6
2, 0, 48.000000, 0.350572, 0.634068, 0.688977, 59, 7, 1, 4
2, 0, 12.000000, 0.276612, 0.511414, 0.649627, 66, 0, 2, 2
2, 0, 12.000000, 0.225649, 1.736334, 0.956278, 63, 1, 2, 10
2, 0, 12.000000, 0.354993, 1.101404, 0.083232, 61, 0, 2, 0
2, 0, 12.000000, 0.196118, 1.329671, 0.285199, 68, 1, 10, 3
2, 0, 12.000000, 0.298618, 1.109600, 0.545977, 66, 0, 5, 9
2, 0, 12.000000, 0.057591, 1.239589, 0.567810, 62, 0, 0, 4
2, 0, 30.000000, 0.239732, 0.621084, 0.944695, 60, 5, 6, 4
2, 0, 12.000000, 0.118916, 0.701056, 0.526806, 60, 0, 0, 6
2, 0, 132.000000, 0.892765, 0.568442, 0.961296, 110, 2, 12, 2
2, 0, 12.000000, 0.524524, 2.237928, 0.019029, 64, 0, 4, 5
2, 0, 12.000000, 0.053294, 0.945378, 0.573579, 64, 0, 4, 3
2, 0, 12.000000, 0.205006, 1.545710, 0.522023, 63, 0, 1, 2
2, 0, 12.000000, 0.288595, 1.016926, 0.808324, 58, 3, 0, 0
2, 0, 12.000000, 0.057764, 0.704504, 0.071540, 65, 0, 6, 0
2, 0, 18.000000, 0.225901, 0.777770, 0.446511, 63, 2, 3, 0
2, 0, 30.000000, 0.392137, 0.808744, 0.880660, 58, 4, 0, 2
2, 0, 24.000000, 0.305595, 0.281932, 0.060457, 61, 5, 0, 0
2, 0, 12.000000, 0.098899, 3.786131, 0.590302, 58, 3, 3, 0
2, 0, 12.000000, 0.156667, 0.272048, 0.496203, 63, 0, 1, 3
2, 0, 42.000000, 0.189852, 2.234415, 0.478573, 62, 17, 2, 9
2, 0, 30.000000, 0.021708, 0.499998, 0.957163, 65, 4, 3, 5
2, 0, 12.000000, 0.330011, 0.717889, 0.378176, 61, 0, 6, 6
2, 0, 12.000000, 0.071296, 1.685182, 0.332106, 60, 2, 9, 2
2, 0, 36.000000, 0.154550, 1.697104, 0.510892, 60, 16, 13, 15
2, 0, 18.000000, 0.465300, 2.999939, 0.277771, 44, 10, 6, 12
2, 0, 12.000000, 0.093364, 0.770777, 0.198096, 65, 0, 1, 6
2, 0, 12.000000, 0.023359, 1.310050, 0.696401, 63, 0, 2, 1
2, 0, 12.000000, 0.240315, 3.381975, 0.162176, 64, 0, 7, 8
2, 0, 12.000000, 0.261867, 1.249393, 0.733161, 60, 0, 5, 8
2, 0, 12.000000, 0.257597, 0.342050, 0.736466, 62, 0, 2, 6
2, 0, 12.000000, 0.143397, 1.104309, 0.601194, 61, 0, 2, 1
2, 0, 12.000000, 0.032166, 0.636974, 0.879676, 64, 0, 4, 4
2, 0, 12.000000, 0.315343, 2.796868, 0.534881, 54, 4, 1, 2
2, 0, 48.000000, 0.118519, 0.302762, 0.494113, 60, 11, 7, 8
2, 0, 12.000000, 0.054908, 1.065387, 0.394414, 72, 0, 2, 5
2, 0, 12.000000, 0.301757, 1.012767, 0.893140, 64, 0, 4, 6
2, 0, 12.000000, 0.071490, 0.570544, 0.130309, 58, 11, 4, 3
2, 0, 12.000000, 0.384352, 1.227662, 0.288138, 61, 0, 0, 5
2, 0, 12.000000, 0.072301, 0.762837, 0.380653, 65, 0, 4, 1
2, 0, 12.000000, 0.201752, 0.896334, 0.759530, 64, 0, 3, 10
2, 0, 12.000000, 0.214938, 3.836580, 0.491063, 68, 0, 3, 9
2, 0, 12.000000, 0.471910, 0.755759, 0.031793, 45, 1, 11, 2
2, 0, 12.000000, 0.447508, 1.414690, 0.754464, 64, 0, 0, 11
2, 0, 12.000000, 0.300250, 1.533401, 0.813021, 60, 0, 1, 5
2, 0, 12.000000, 0.288389, 1.535359, 0.935407, 67, 0, 8, 3
2, 0, 12.000000, 0.176177, 0.691579, 0.759321, 66, 0, 4, 4
2, 0, 18.000000, 0.060103, 2.809295, 0.427379, 59, 14, 5, 17
2, 0, 12.000000, 0.438384, 0.818319, 0.012329, 58, 1, 6, 11
2, 0, 12.000000, 0.338993, 0.476793, 0.037892, 66, 0, 6, 8
2, 0, 18.000000, 0.570171, 0.390134, 0.905744, 19, 4, 0, 7
2, 0, 12.000000, 0.176131, 3.087388, 0.863244, 63, 0, 8, 7
2, 0, 12.000000, 0.076310, 1.132719, 0.006394, 62, 0, 3, 0
2, 0, 12.000000, 0.096031, 0.510207, 0.706528, 65, 0, 7, 4
2, 0, 12.000000, 0.341700, 0.988513, 0.339989, 62, 0, 3, 5
2, 0, 12.000000, 0.414691, 1.737392, 0.752962, 63, 2, 2, 3
2, 0, 12.000000, 0.173054, 1.058403, 0.000321, 64, 0, 0, 4
2, 0, 54.000000, 0.009945, 0.472404, 0.607936, 62, 10, 11, 5
2, 0, 48.000000, 0.172073, 0.596983, 0.060041, 57, 9, 2, 3
2, 0, 12.000000, 0.152266, 1.651678, 0.357725, 65, 0, 2, 4
2, 0, 12.000000, 0.137922, 0.933456, 0.268468, 63, 1, 6, 5
2, 0, 12.000000, 0.374963, 1.919679, 0.414408, 52, 4, 2, 0
2, 0, 12.000000, 0.118418, 0.846616, 0.775078, 65, 0, 4, 3
2, 0, 12.000000, 0.256160, 1.987157, 0.217702, 67, 0, 2, 6
2, 0, 12.000000, 0.126440, 1.993051, 0.415646, 61, 0, 5, 2
2, 0, 12.000000, 0.166729, 1.422852, 0.999695, 64, 0, 1, 0
2, 0, 12.000000, 0.054791, 0.340375, 0.176704, 60, 5, 0, 2
2, 0, 12.000000, 0.148461, 1.473733, 0.905705, 62, 0, 1, 7
2, 0, 12.000000, 0.635391, 1.012896, 0.136324, 28, 2, 2, 5
2, 0, 18.000000, 0.578224, 0.480420, 0.213260, 27, 2, 0, 6
2, 0, 12.000000, 0.105339, 0.626677, 0.020755, 63, 1, 2, 0
2, 0, 12.000000, 0.230364, 1.585710, 0.836571, 65, 0, 4, 10
2, 0, 12.000000, 0.238275, 1.254404, 0.653460, 64, 0, 0, 7
2, 0, 12.000000, 0.085157, 0.659157, 0.244442, 74, 0, 2, 4
2, 0, 18.000000, 0.171871, 1.038247, 0.340866, 58, 15, 7, 3
2, 0, 12.000000, 0.164190, 1.250041, 0.806942, 65, 0, 2, 4
2, 0, 18.000000, 0.042362, 0.455451, 0.151787, 59, 2, 0, 6
2, 0, 12.000000, 0.119763, 1.421171, 0.231386, 64, 0, 5, 2
2, 0, 12.000000, 0.062156, 1.140151, 0.478910, 59, 2, 3, 6
2, 0, 12.000000, 0.127030, 0.618158, 0.719285, 62, 0, 5, 2
2, 0, 12.000000, 0.161073, 1.273418, 0.487784, 65, 0, 4, 4
2, 0, 24.000000, 0.311780, 0.556203, 0.596778, 57, 7, 21, 0
2, 0, 18.000000, 0.361495, 0.253904, 0.759286, 61, 1, 4, 9
2, 0, 12.000000, 0.065986, 0.982536, 0.590792, 62, 0, 1, 5
2, 0, 12.000000, 0.071840, 0.364773, 0.921008, 63, 0, 3, 3
2, 0, 30.000000, 0.588926, 0.199487, 0.617696, 24, 3, 1, 3
2, 0, 18.000000, 0.415029, 1.864426, 0.531219, 57, 2, 5, 0
2, 0, 12.000000, 0.249493, 0.431054, 0.048918, 59, 2, 1, 2
2, 0, 12.000000, 0.389356, 0.935312, 0.621127, 63, 2, 1, 0
2, 0, 12.000000, 0.576785, 1.079036, 0.507308, 36, 4, 4, 0
2, 0, 12.000000, 0.229873, 1.132878, 0.377501, 68, 0, 2, 4
2, 0, 12.000000, 0.364408, 1.527411, 0.083984, 64, 0, 2, 6
2, 0, 18.000000, 0.260451, 2.152350, 0.976890, 62, 4, 1, 11
2, 0, 12.000000, 0.201001, 4.606895, 0.980547, 63, 0, 1, 8
2, 0, 12.000000, 0.132534, 0.526400, 0.573762, 61, 0, 2, 3
2, 0, 12.000000, 0.431529, 1.913880, 0.406486, 57, 1, 0, 1
2, 0, 12.000000, 0.002401, 0.821066, 0.872690, 61, 2, 0, 2
2, 0, 12.000000, 0.167854, 1.213684, 0.660049, 65, 0, 0, 4
2, 0, 12.000000, 0.048439, 0.676289, 0.459781, 65, 1, 8, 8
2, 0, 18.000000, 0.284878, 0.634237, 0.882189, 56, 5, 0, 6
2, 0, 30.000000, 0.424655, 0.079288, 0.996330, 50, 3, 5, 2
2, 0, 12.000000, 0.632413, 1.773616, 0.297032, 37, 1, 1, 4
2, 0, 12.000000, 0.046150, 1.775121, 0.941050, 63, 0, 0, 2
2, 0, 12.000000, 0.273407, 1.830063, 0.057233, 62, 0, 5, 0
2, 0, 12.000000, 0.341693, 0.611403, 0.926618, 63, 1, 3, 9
2, 0, 48.000000, 0.323431, 0.786084, 0.131890, 57, 7, 0, 2
2, 0, 12.000000, 0.156855, 0.789602, 0.248761, 66, 0, 1, 2
2, 0, 24.000000, 0.187460, 0.526213, 0.052859, 60, 9, 4, 12
2, 0, 12.000000, 0.183096, 1.807759, 0.140881, 64, 2, 4, 5
2, 0, 12.000000, 0.402537, 2.514988, 0.906236, 60, 0, 5, 1
2, 0, 12.000000, 0.017699, 2.780659, 0.232327, 59, 4, 0, 9
2, 0, 12.000000, 0.062009, 1.248148, 0.271527, 64, 0, 2, 2
2, 0, 12.000000, 0.430968, 0.320103, 0.902346, 62, 0, 1, 1
2, 0, 12.000000, 0.166194, 0.207437, 0.849456, 66, 0, 2, 6
2, 0, 36.000000, 0.108806, 0.885711, 0.373153, 58, 8, 3, 4
2, 0, 12.000000, 0.147449, 1.038851, 0.794409, 63, 0, 2, 5
2, 0, 12.000000, 0.034556, 1.858392, 0.625848, 63, 0, 3, 4
2, 0, 126.000000, 0.013612, 1.359841, 0.375469, 53, 18, 14, 0
2, 0, 18.000000, 0.048829, 1.317124, 0.165231, 66, 2, 6, 0
2, 0, 12.000000, 0.577130, 0.753226, 0.692353, 48, 1, 6, 2
2, 0, 12.000000, 0.105210, 0.675484, 0.390701, 65, 0, 3, 10
2, 0, 12.000000, 0.181431, 0.799079, 0.597113, 61, 0, 2, 8
2, 0, 18.000000, 0.047920, 0.145950, 0.827636, 59, 9, 0, 7
2, 0, 24.000000, 0.309890, 0.743553, 0.948971, 60, 3, 4, 6
2, 0, 42.000000, 0.315675, 1.113297, 0.490654, 59, 18, 10, 11
2, 0, 12.000000, 0.116574, 0.300929, 0.068801, 64, 0, 0, 1
2, 0, 12.000000, 0.427154, 1.279253, 0.465060, 61, 0, 0, 5
2, 0, 12.000000, 0.026611, 0.795782, 0.896967, 62, 0, 0, 3
2, 0, 12.000000, 0.210929, 0.563941, 0.693399, 67, 0, 6, 3
2, 0, 12.000000, 0.161467, 1.495004, 0.434084, 67, 0, 8, 5
2, 0, 12.000000, 0.468045, 0.960266, 0.336300, 65, 0, 5, 9
2, 0, 12.000000, 0.176333, 3.488524, 0.001760, 68, 0, 5, 9
2, 0, 12.000000, 0.287687, 1.210597, 0.759298, 61, 0, 4, 7
2, 0, 12.000000, 0.010049, 2.124581, 0.361979, 66, 0, 7, 8
2, 0, 18.000000, 0.176261, 1.012304, 0.738985, 60, 6, 4, 3
2, 0, 12.000000, 0.096892, 0.979709, 0.431274, 62, 1, 2, 0
2, 0, 12.000000, 0.171463, 1.078294, 0.108546, 58, 0, 3, 0
2, 0, 24.000000, 0.322294, 1.536627, 0.892706, 63, 2, 9, 4
2, 0, 54.000000, 0.016667, 0.896585, 0.417258, 60, 10, 5, 6
2, 0, 12.000000, 0.471012, 0.313314, 0.318156, 55, 0, 1, 2
2, 0, 48.000000, 0.106800, 0.784861, 0.637528, 55, 11, 2, 2
2, 0, 24.000000, 0.280358, 0.248464, 0.571443, 57, 2, 2, 0
2, 0, 12.000000, 0.095702, 0.411668, 0.387657, 63, 0, 0, 7
2, 0, 12.000000, 0.190280, 1.338113, 0.081808, 60, 0, 4, 1
2, 0, 12.000000, 0.361902, 0.386495, 0.829315, 55, 0, 1, 3
2, 0, 12.000000, 0.091059, 0.856399, 0.618335, 65, 0, 0, 1
2, 0, 12.000000, 0.262229, 0.460956, 0.719638, 54, 4, 0, 4
2, 0, 12.000000, 0.146475, 0.994806, 0.376921, 61, 0, 10, 2
2, 0, 12.000000, 0.724074, 0.431376, 0.944556, 25, 0, 0, 7
2, 0, 18.000000, 0.203365, 0.324089, 0.165074, 62, 4, 0, 3
2, 0, 12.000000, 0.336206, 0.791483, 0.631277, 63, 1, 2, 7
2, 0, 12.000000, 0.352347, 1.610711, 0.246206, 57, 2, 1, 1
2, 0, 12.000000, 0.189769, 1.296650, 0.692246, 63, 0, 5, 11
2, 0, 24.000000, 0.196165, 1.445756, 0.823158, 60, 5, 1, 0
2, 0, 60.000000, 0.284099, 1.771520, 0.038005, 58, 11, 2, 2
2, 0, 12.000000, 0.251953, 2.449500, 0.663805, 63, 1, 3, 15
2, 0, 24.000000, 0.693527, 0.086847, 0.695094, 17, 6, 2, 2
2, 0, 18.000000, 0.038934, 0.632927, 0.651973, 60, 2, 0, 6
2, 0, 42.000000, 0.360198, 0.594892, 0.307453, 56, 8, 1, 7
2, 0, 12.000000, 0.160466, 0.640326, 0.566653, 64, 0, 0, 2
2, 0, 12.000000, 0.222845, 2.110089, 0.623923, 58, 1, 11, 1
2, 0, 12.000000, 0.419512, 0.766930, 0.966900, 62, 0, 5, 3
2, 0, 42.000000, 0.003961, 0.628734, 0.006758, 60, 5, 2, 5
2, 0, 96.000000, 0.031960, 0.330904, 0.890265, 58, 15, 5, 18
2, 0, 48.000000, 0.088459, 1.782693, 0.202257, 58, 13, 5, 5
2, 0, 12.000000, 0.038914, 0.899261, 0.435878, 59, 2, 1, 0
2, 0, 24.000000, 0.053979, 0.890762, 0.773797, 59, 2, 0, 0
2, 0, 36.000000, 3.843889, 1.530009, 0.451310, 114, 20, 1, 2
2, 0, 12.000000, 0.204824, 0.533554, 0.139583, 61, 0, 5, 5
2, 0, 42.000000, 0.429373, 3.105275, 0.785578, 54, 13, 9, 6
2, 0, 12.000000, 0.254123, 1.605135, 0.491571, 61, 0, 3, 6
2, 0, 12.000000, 0.366561, 0.717197, 0.845082, 59, 0, 2, 6
2, 0, 12.000000, 0.066707, 0.348216, 0.644447, 63, 0, 1, 3
2, 0, 24.000000, 0.224833, 0.292036, 0.592646, 58, 8, 5, 4
2, 0, 12.000000, 0.322595, 0.393027, 0.674631, 59, 2, 3, 5
2, 0, 18.000000, 0.662631, 0.182614, 0.970577, 13, 1, 0, 3
2, 0, 48.000000, 0.229769, 0.203424, 0.529798, 60, 8, 4, 2
2, 0, 12.000000, 0.074591, 1.208658, 0.361768, 59, 0, 2, 4
2, 0, 18.000000, 0.405124, 0.265786, 0.529409, 55, 5, 2, 0
2, 0, 12.000000, 0.134688, 0.683433, 0.963216, 63, 0, 1, 13
2, 0, 12.000000, 0.182276, 1.224311, 0.599533, 63, 0, 0, 8
2, 0, 42.000000, 0.373303, 0.339737, 0.835106, 56, 7, 5, 6
2, 0, 12.000000, 0.418238, 2.372849, 0.638488, 59, 1, 3, 10
2, 0, 12.000000, 0.503951, 0.461050, 0.699462, 56, 0, 1, 4
2, 0, 12.000000, 0.140412, 0.869680, 0.605428, 64, 0, 4, 4
2, 0, 12.000000, 0.522023, 0.775982, 0.829662, 57, 0, 1, 6
2, 0, 12.000000, 0.071531, 1.715902, 0.190523, 66, 0, 1, 6
2, 0, 66.000000, 0.336460, 0.705750, 0.392303, 60, 10, 2, 2
2, 0, 12.000000, 0.252173, 1.299938, 0.568508, 63, 0, 4, 3
2, 0, 12.000000, 0.025478, 0.495295, 0.584413, 71, 0, 3, 4
2, 0, 60.000000, 0.594730, 0.435247, 0.301019, 39, 10, 0, 5
2, 0, 12.000000, 0.417124, 0.951417, 0.317667, 67, 0, 4, 6
2, 0, 12.000000, 0.250046, 0.655268, 0.073346, 59, 0, 1, 5
2, 0, 12.000000, 0.354761, 0.053953, 0.792762, 65, 0, 1, 0
2, 0, 18.000000, 0.202086, 1.235016, 0.622059, 64, 5, 0, 4
2, 0, 12.000000, 0.250840, 1.469821, 0.851677, 58, 1, 1, 4
2, 0, 12.000000, 0.191885, 0.260934, 0.106616, 62, 1, 2, 4
2, 0, 12.000000, 0.426524, 0.919686, 0.093197, 59, 0, 4, 13
2, 0, 12.000000, 0.040620, 0.905459, 0.653981, 62, 3, 1, 5
2, 0, 24.000000, 0.435022, 1.799501, 0.511578, 51, 3, 1, 1
2, 0, 12.000000, 0.138984, 1.102339, 0.835045, 64, 0, 2, 5
2, 0, 12.000000, 0.275070, 0.983168, 0.642753, 61, 2, 0, 3
2, 0, 12.000000, 0.253235, 1.714763, 0.352333, 64, 0, 6, 5
2, 0, 12.000000, 0.038380, 0.544580, 0.816169, 69, 0, 5, 7
2, 0, 12.000000, 0.097344, 0.404500, 0.160136, 60, 1, 2, 1
2, 0, 12.000000, 0.410359, 0.664255, 0.065130, 55, 1, 9, 2
2, 0, 12.000000, 0.131654, 0.983651, 0.201448, 65, 0, 4, 0
2, 0, 12.000000, 0.033729, 1.312599, 0.999826, 67, 0, 2, 0
2, 0, 12.000000, 0.099534, 1.411080, 0.412480, 65, 1, 0, 1
2, 0, 12.000000, 0.186774, 1.782526, 0.281653, 62, 0, 0, 4
2, 0, 66.000000, 0.036792, 0.939686, 0.481121, 58, 10, 12, 3
2, 0, 12.000000, 0.268533, 1.937127, 0.471811, 63, 0, 1, 5
2, 0, 12.000000, 0.225706, 1.518064, 0.474089, 70, 0, 5, 3
2, 0, 12.000000, 0.135600, 0.635451, 0.594253, 61, 1, 1, 2
2, 0, 12.000000, 0.249452, 0.411401, 0.886465, 62, 0, 1, 1
2, 0, 42.000000, 0.209984, 0.596396, 0.460481, 53, 12, 3, 8
2, 0, 12.000000, 0.556742, 0.559778, 0.010181, 29, 0, 0, 6
2, 0, 12.000000, 0.349019, 2.042613, 0.741815, 63, 0, 1, 2
2, 0, 12.000000, 0.267762, 1.076098, 0.533685, 60, 0, 3, 3
2, 0, 12.000000, 0.211214, 0.700578, 0.816928, 65, 0, 3, 4
2, 0, 12.000000, 0.007400, 1.537278, 0.981361, 63, 1, 4, 4
2, 0, 12.000000, 0.630791, 1.065180, 0.699947, 42, 1, 2, 2
2, 0, 12.000000, 0.618916, 1.034463, 0.283682, 36, 1, 2, 2
2, 0, 12.000000, 0.032571, 2.747949, 0.462176, 61, 0, 4, 1
2, 0, 12.000000, 0.015558, 0.988734, 0.050494, 66, 2, 3, 3
2, 0, 12.000000, 0.436862, 3.464282, 0.289918, 58, 0, 1, 11
2, 0, 12.000000, 0.243472, 0.645913, 0.666685, 58, 2, 1, 5
2, 0, 12.000000, 0.278238, 1.046467, 0.136166, 60, 0, 8, 2
2, 0, 12.000000, 0.278818, 2.828949, 0.402136, 61, 0, 4, 4
2, 0, 12.000000, 0.288772, 1.175092, 0.812811, 64, 0, 1, 6
2, 0, 18.000000, 0.185633, 0.262365, 0.445809, 64, 2, 2, 4
2, 0, 12.000000, 0.110754, 1.158528, 0.357057, 62, 0, 2, 1
2, 0, 12.000000, 0.414466, 1.230470, 0.870941, 62, 1, 0, 4
2, 0, 24.000000, 0.425693, 1.308155, 0.293287, 56, 3, 1, 4
2, 0, 12.000000, 0.102784, 0.240851, 0.561321, 59, 2, 0, 0
2, 0, 12.000000, 0.084657, 0.560069, 0.440103, 62, 0, 0, 6
2, 0, 126.000000, 0.545526, 0.093966, 0.758049, 9, 16, 0, 6
2, 0, 12.000000, 0.488187, 1.212960, 0.310994, 57, 0, 4, 3
2, 0, 24.000000, 0.189430, 1.333601, 0.236996, 56, 5, 4, 4
2, 0, 12.000000, 0.091205, 0.660928, 0.387122, 63, 2, 1, 4
2, 0, 12.000000, 0.100613, 0.915438, 0.476547, 64, 0, 2, 2
2, 0, 18.000000, 0.023411, 1.388395, 0.923417, 66, 1, 0, 5
2, 0, 12.000000, 0.418542, 1.116280, 0.479892, 61, 0, 2, 1
2, 0, 12.000000, 0.091093, 0.567169, 0.520357, 62, 2, 2, 7
2, 0, 12.000000, 0.256271, 0.409797, 0.586472, 58, 0, 0, 2
2, 0, 12.000000, 0.292274, 1.411732, 0.673507, 63, 0, 4, 5
2, 0, 12.000000, 0.127591, 1.015503, 0.179140, 66, 1, 2, 0
2, 0, 18.000000, 0.570021, 1.247808, 0.525141, 52, 2, 7, 1
2, 0, 12.000000, 0.031660, 0.434632, 0.586232, 63, 0, 3, 3
2, 0, 12.000000, 0.075886, 1.022520, 0.389416, 60, 0, 1, 1
2, 0, 12.000000, 0.149323, 1.292005, 0.869247, 65, 0, 1, 3
2, 0, 18.000000, 0.049078, 0.261599, 0.027539, 54, 9, 8, 3
2, 0, 30.000000, 0.637769, 0.032350, 0.432274, 21, 4, 2, 3
2, 0, 36.000000, 0.038771, 1.069504, 0.759285, 57, 5, 4, 9
2, 0, 12.000000, 0.280280, 0.278564, 0.661896, 66, 1, 2, 1
2, 0, 12.000000, 0.339780, 2.079471, 0.808540, 62, 0, 7, 9
2, 0, 42.000000, 0.069437, 0.148025, 0.507533, 57, 12, 5, 1
2, 0, 36.000000, 0.544905, 0.643466, 0.562045, 0, 4, 0, 3
2, 0, 18.000000, 0.339559, 0.531205, 0.486285, 61, 2, 2, 8
2, 0, 30.000000, 0.059440, 0.662703, 0.526001, 61, 4, 4, 2
2, 0, 12.000000, 0.367295, 0.216696, 0.976411, 58, 0, 5, 4
2, 0, 12.000000, 0.325734, 0.477459, 0.284089, 65, 0, 6, 4
2, 0, 12.000000, 0.134273, 0.411699, 0.433834, 60, 1, 2, 5
2, 0, 12.000000, 0.385992, 1.165201, 0.526013, 58, 1, 4, 4
2, 0, 12.000000, 0.000119, 0.562990, 0.706589, 72, 0, 5, 8
2, 0, 18.000000, 0.241909, 2.673387, 0.248653, 62, 2, 3, 4
2, 0, 48.000000, 0.233416, 1.652126, 0.856170, 61, 11, 17, 14
2, 0, 42.000000, 0.165519, 0.432865, 0.923310, 62, 9, 3, 3
2, 0, 12.000000, 0.180512, 0.607319, 0.209932, 58, 0, 1, 7
2, 0, 12.000000, 0.163313, 1.826493, 0.377441, 64, 0, 0, 2
2, 0, 12.000000, 0.181277, 0.736274, 0.141094, 65, 1, 7, 6
2, 0, 12.000000, 0.159468, 0.981045, 0.325239, 57, 0, 2, 6
2, 0, 12.000000, 0.588252, 0.057814, 0.908582, 6, 0, 3, 5
2, 0, 12.000000, 0.164109, 0.579783, 0.330375, 65, 0, 1, 1
2, 0, 12.000000, 0.225782, 1.824968, 0.478959, 64, 0, 3, 1
2, 0, 48.000000, 0.349809, 0.550763, 0.066237, 55, 11, 0, 2
2, 0, 12.000000, 0.446635, 1.527666, 0.761836, 62, 0, 0, 6
2, 0, 42.000000, 0.136321, 1.473359, 0.454852, 61, 12, 11, 14
2, 0, 24.000000, 0.144786, 1.251472, 0.871723, 59, 5, 5, 7
2, 0, 42.000000, 0.479948, 0.349669, 0.454631, 58, 7, 0, 2
2, 0, 18.000000, 0.011287, 0.347870, 0.936513, 64, 2, 0, 7
2, 0, 12.000000, 0.207039, 0.292380, 0.411456, 65, 1, 1, 8
2, 0, 24.000000, 0.376334, 0.722017, 0.653373, 59, 2, 5, 1
2, 0, 66.000000, 0.123762, 0.689255, 0.320010, 55, 10, 3, 4
2, 0, 36.000000, 0.219223, 0.915943, 0.177476, 57, 5, 7, 1
2, 0, 12.000000, 0.058767, 0.487901, 0.207237, 62, 1, 3, 7
2, 0, 30.000000, 0.213004, 2.607436, 0.340754, 62, 7, 2, 2
2, 0, 18.000000, 0.122906, 0.293841, 0.523703, 62, 3, 0, 0
2, 0, 12.000000, 0.298148, 1.751332, 0.831189, 66, 0, 3, 7
2, 0, 18.000000, 0.097843, 0.220788, 0.964087, 60, 2, 0, 4
2, 0, 12.000000, 0.137493, 1.635341, 0.692423, 58, 2, 1, 3
2, 0, 12.000000, 0.497817, 0.160565, 0.055872, 55, 0, 0, 1
2, 0, 12.000000, 0.109165, 2.084715, 0.417637, 64, 0, 2, 0
2, 0, 12.000000, 0.496291, 0.533458, 0.354054, 60, 3, 0, 1
2, 0, 24.000000, 0.518014, 1.513917, 0.523073, 53, 2, 0, 4
2, 0, 12.000000, 0.279540, 1.047011, 0.899465, 65, 0, 2, 6
2, 0, 12.000000, 0.141066, 0.974917, 0.207442, 59, 2, 0, 7
2, 0, 12.000000, 0.033985, 1.838880, 0.816635, 70, 0, 0, 7
2, 0, 12.000000, 0.113647, 1.778982, 0.650395, 68, 0, 2, 3
2, 0, 12.000000, 0.347003, 1.091648, 0.926077, 59, 1, 4, 5
2, 0, 12.000000, 0.235877, 0.281436, 0.520553, 58, 1, 1, 4
2, 0, 12.000000, 0.197363, 0.606149, 0.166344, 63, 1, 2, 0
2, 0, 18.000000, 0.219000, 1.801457, 0.562689, 56, 11, 0, 8
2, 0, 12.000000, 0.438467, 0.889365, 0.970170, 63, 0, 2, 7
2, 0, 36.000000, 0.418879, 1.686744, 0.604029, 55, 16, 1, 10
2, 0, 12.000000, 0.224989, 1.447980, 0.683896, 59, 4, 3, 5
2, 0, 30.000000, 0.171996, 0.424159, 0.865742, 62, 3, 2, 0
2, 0, 30.000000, 0.494894, 0.072378, 0.510641, 37, 4, 2, 3
2, 0, 30.000000, 0.052804, 0.925650, 0.299996, 57, 4, 1, 12
2, 0, 12.000000, 0.168214, 1.503996, 0.950907, 61, 1, 0, 11
2, 0, 12.000000, 0.186431, 0.920105, 0.042997, 55, 2, 0, 0
2, 0, 12.000000, 0.192874, 0.508157, 0.423461, 66, 1, 4, 6
2, 0, 12.000000, 0.276641, 1.635741, 0.492066, 61, 0, 2, 4
2, 0, 12.000000, 0.282498, 2.017835, 0.602356, 63, 0, 7, 8
2, 0, 12.000000, 0.086373, 0.697080, 0.217202, 67, 0, 7, 7
2, 0, 90.000000, 0.421079, 0.607902, 0.925274, 57, 13, 0, 7
2, 0, 12.000000, 0.018200, 0.987603, 0.517656, 62, 3, 3, 4
2, 0, 36.000000, 0.686615, 0.078410, 0.072051, 5, 10, 2, 2
2, 0, 12.000000, 0.359486, 0.636408, 0.621727, 63, 0, 2, 0
2, 0, 24.000000, 0.615695, 0.292290, 0.472681, 33, 2, 2, 4
2, 0, 12.000000, 0.136425, 1.664555, 0.362534, 62, 0, 0, 8
2, 0, 12.000000, 0.066526, 0.148102, 0.379505, 59, 2, 5, 0
2, 0, 12.000000, 0.042449, 1.638359, 0.636067, 60, 3, 0, 1
2, 0, 48.000000, 0.062743, 0.817903, 0.750677, 56, 13, 4, 0
2, 0, 12.000000, 0.387338, 0.891950, 0.766879, 60, 0, 1, 1
2, 0, 24.000000, 0.187064, 1.349357, 0.122818, 64, 2, 3, 4
2, 0, 18.000000, 0.245727, 1.539893, 0.093792, 61, 3, 9, 8
2, 0, 12.000000, 0.012939, 0.931902, 0.336363, 61, 0, 1, 4
2, 0, 12.000000, 0.060882, 1.097862, 0.411741, 63, 0, 1, 7
2, 0, 12.000000, 0.253063, 1.582938, 0.586758, 63, 0, 7, 2
2, 0, 66.000000, 0.268114, 0.262704, 0.256121, 59, 10, 6, 0
2, 0, 12.000000, 0.081199, 2.375187, 0.307706, 65, 0, 2, 6
2, 0, 24.000000, 0.140499, 0.617999, 0.803786, 61, 3, 4, 3
2, 0, 30.000000, 0.175248, 0.369106, 0.536103, 55, 4, 0, 6
2, 0, 12.000000, 0.309355, 0.929717, 0.684797, 61, 0, 1, 2
2, 0, 42.000000, 0.389880, 1.107728, 0.354205, 59, 11, 1, 0
2, 0, 36.000000, 0.111235, 0.858846, 0.238867, 59, 5, 10, 16
2, 0, 24.000000, 0.355692, 0.187589, 0.402787, 55, 10, 4, 4
2, 0, 12.000000, 0.079109, 0.425703, 0.184092, 62, 0, 1, 10
2, 0, 12.000000, 0.214846, 2.568564, 0.805122, 58, 11, 11, 8
2, 0, 12.000000, 0.154619, 1.239288, 0.953597, 70, 0, 3, 3
2, 0, 12.000000, 0.246849, 0.185476, 0.600533, 59, 0, 3, 2
2, 0, 12.000000, 0.138510, 1.357338, 0.214233, 64, 0, 0, 1
2, 0, 24.000000, 0.440298, 0.485541, 0.779112, 55, 4, 0, 11
2, 0, 12.000000, 0.181936, 0.584965, 0.403997, 62, 1, 1, 0
2, 0, 12.000000, 0.296276, 1.547501, 0.046885, 64, 0, 2, 3
2, 0, 12.000000, 0.004056, 0.672397, 0.406051, 65, 4, 0, 7
2, 0, 12.000000, 0.211261, 1.003866, 0.332337, 58, 0, 2, 0
2, 0, 12.000000, 0.283891, 3.165923, 0.864092, 62, 0, 12, 8
2, 0, 12.000000, 0.404951, 0.750118, 0.928385, 63, 0, 6, 1
2, 0, 12.000000, 0.132541, 0.705315, 0.388405, 62, 0, 1, 3
2, 0, 24.000000, 0.562806, 0.413518, 0.322852, 27, 5, 2, 6
2, 0, 24.000000, 0.354323, 0.559935, 0.276831, 9, 10, 2, 1
2, 0, 12.000000, 0.567725, 0.025552, 0.071952, 8, 2, 0, 4
2, 0, 42.000000, 0.271112, 0.117572, 0.540413, 58, 7, 2, 3
2, 0, 12.000000, 0.234149, 0.846474, 0.094968, 64, 0, 1, 0
2, 0, 12.000000, 0.049769, 1.223560, 0.214342, 65, 0, 0, 3
2, 0, 12.000000, 0.321911, 1.407345, 0.229020, 61, 0, 0, 8
2, 0, 12.000000, 0.227243, 1.405121, 0.172574, 63, 0, 0, 4
2, 0, 12.000000, 0.180015, 2.215995, 0.577815, 59, 4, 7, 3
2, 0, 12.000000, 0.266696, 1.898457, 0.180454, 56, 8, 3, 0
2, 0, 18.000000, 0.060192, 0.800808, 0.556522, 59, 4, 4, 5
2, 0, 12.000000, 0.291073, 1.115047, 0.564745, 63, 0, 2, 5
2, 0, 12.000000, 0.042536, 0.800405, 0.414867, 64, 0, 4, 4
2, 0, 12.000000, 0.331451, 3.758605, 0.922178, 60, 2, 1, 2
2, 0, 12.000000, 0.410189, 0.433991, 0.842714, 60, 0, 1, 3
2, 0, 12.000000, 0.308746, 1.122552, 0.908324, 62, 0, 8, 5
2, 0, 42.000000, 0.641867, 0.182381, 0.668387, 10, 8, 4, 7
2, 0, 12.000000, 0.244963, 0.471595, 0.882741, 63, 1, 1, 11
2, 0, 84.000000, 0.127570, 0.638076, 0.007266, 61, 13, 8, 8
2, 0, 12.000000, 0.279065, 0.505462, 0.456814, 62, 0, 0, 5
2, 0, 12.000000, 0.365148, 1.066157, 0.156659, 62, 0, 2, 1
2, 0, 30.000000, 0.457101, 1.312801, 0.759979, 63, 4, 5, 1
2, 0, 12.000000, 0.022651, 0.140118, 0.288523, 58, 4, 1, 5
2, 0, 12.000000, 0.125856, 1.123423, 0.226037, 65, 0, 5, 5
2, 0, 12.000000, 0.233256, 1.210624, 0.775806, 61, 0, 1, 3
2, 0, 12.000000, 0.002611, 1.300819, 0.738968, 64, 0, 4, 2
2, 0, 60.000000, 0.053296, 1.282539, 0.489852, 59, 19, 4, 10
2, 0, 12.000000, 0.212217, 0.678048, 0.267213, 57, 0, 5, 4
2, 0, 12.000000, 0.357212, 1.043527, 0.357000, 67, 5, 3, 6
2, 0, 12.000000, 0.427931, 0.835242, 0.271634, 54, 1, 1, 7
2, 0, 12.000000, 0.307950, 1.418346, 0.713769, 63, 0, 3, 1
2, 0, 12.000000, 0.316022, 0.889922, 0.772408, 58, 2, 1, 5
2, 0, 12.000000, 0.282131, 0.842277, 0.827433, 58, 0, 5, 0
2, 0, 12.000000, 0.284992, 0.317600, 0.253648, 60, 17, 2, 11
2, 0, 24.000000, 0.290087, 1.011539, 0.647525, 58, 3, 1, 5
2, 0, 12.000000, 0.072905, 1.285652, 0.333016, 58, 1, 2, 2
2, 0, 12.000000, 0.359863, 0.283601, 0.555799, 66, 0, 4, 5
2, 0, 48.000000, 0.221064, 1.921844, 0.249645, 61, 8, 1, 8
2, 0, 12.000000, 0.004886, 0.179623, 0.876206, 60, 0, 4, 4
2, 0, 36.000000, 0.297070, 0.198926, 0.993001, 57, 14, 1, 7
2, 0, 12.000000, 0.128671, 1.130406, 0.504071, 65, 2, 3, 3
2, 0, 30.000000, 0.255100, 0.525725, 0.180659, 60, 3, 3, 6
2, 0, 12.000000, 0.050362, 0.611873, 0.928433, 67, 0, 14, 4
2, 0, 12.000000, 0.035868, 1.840100, 0.900567, 66, 0, 2, 5
2, 0, 12.000000, 0.214768, 1.619823, 0.360112, 59, 0, 2, 6
2, 0, 12.000000, 0.339580, 1.172942, 0.726873, 63, 0, 5, 3
2, 0, 12.000000, 0.258506, 1.204572, 0.866074, 57, 1, 3, 5
2, 0, 12.000000, 0.183126, 0.549652, 0.327645, 61, 0, 7, 0
2, 0, 12.000000, 0.399641, 0.455097, 0.547692, 59, 2, 0, 10
2, 0, 12.000000, 0.082429, 1.341853, 0.038435, 66, 1, 7, 2
2, 0, 36.000000, 0.461688, 0.098013, 0.749774, 7, 6, 4, 1
2, 0, 30.000000, 0.590344, 0.559031, 0.445889, 21, 4, 1, 5
2, 0, 12.000000, 0.442582, 1.268143, 0.863367, 63, 0, 4, 3
2, 0, 12.000000, 0.027434, 0.165985, 0.272419, 6, 5, 3, 6
2, 0, 12.000000, 0.200962, 1.035569, 0.627348, 64, 0, 0, 8
2, 0, 12.000000, 0.287950, 0.902482, 0.303274, 64, 0, 3, 2
2, 0, 30.000000, 0.441080, 0.060815, 0.263392, 10, 4, 3, 9
2, 0, 18.000000, 0.575398, 0.021095, 0.645783, 36, 1, 1, 5
2, 0, 12.000000, 0.278734, 0.546167, 0.448472, 59, 3, 3, 3
2, 0, 18.000000, 0.330194, 0.406689, 0.140249, 64, 3, 0, 1
2, 0, 12.000000, 0.164118, 2.114992, 0.943201, 61, 0, 0, 2
2, 0, 12.000000, 0.310130, 1.037255, 0.111460, 66, 0, 1, 4
2, 0, 12.000000, 0.284033, 0.554033, 0.899194, 64, 0, 2, 6
2, 0, 12.000000, 0.006596, 2.321153, 0.294837, 63, 1, 5, 0
2, 0, 12.000000, 0.280581, 0.888840, 0.426425, 62, 0, 6, 4
2, 0, 12.000000, 0.198056, 1.462793, 0.104143, 66, 3, 1, 6
2, 0, 12.000000, 0.478651, 1.338840, 0.105843, 61, 0, 5, 2
2, 0, 24.000000, 0.720606, 0.200488, 0.698663, 16, 2, 1, 4
2, 0, 12.000000, 0.077147, 0.935131, 0.133021, 64, 0, 0, 2
2, 0, 12.000000, 0.023471, 1.070466, 0.399626, 63, 0, 2, 0
2, 0, 12.000000, 0.301132, 2.893091, 0.524115, 65, 0, 0, 10
2, 0, 12.000000, 0.377316, 0.505686, 0.685610, 60, 0, 2, 4
2, 0, 36.000000, 0.154042, 0.618637, 0.075436, 64, 5, 1, 3
2, 0, 42.000000, 0.308247, 0.907977, 0.662801, 60, 6, 1, 4
2, 0, 24.000000, 0.401112, 1.004669, 0.494141, 54, 2, 1, 6
2, 0, 12.000000, 0.263105, 0.146626, 0.766469, 62, 0, 4, 2
2, 0, 36.000000, 0.744764, 0.148415, 0.546587, 7, 7, 0, 1
2, 0, 12.000000, 0.034361, 0.646204, 0.595714, 55, 2, 0, 3
2, 0, 12.000000, 0.143853, 0.975052, 0.535014, 61, 1, 2, 5
2, 0, 12.000000, 0.309133, 0.496494, 0.397358, 57, 3, 0, 4
2, 0, 12.000000, 0.540632, 6.578471, 0.738733, 58, 0, 34, 9
2, 0, 12.000000, 0.079406, 0.668205, 0.120971, 63, 0, 8, 6
2, 0, 12.000000, 0.446030, 0.580475, 0.899163, 55, 0, 4, 0
2, 0, 12.000000, 0.147629, 0.237971, 0.230501, 59, 1, 0, 5
2, 0, 12.000000, 0.347091, 2.926604, 0.327864, 67, 0, 5, 3
2, 0, 12.000000, 0.131333, 0.898907, 0.311864, 61, 1, 2, 7
2, 0, 12.000000, 0.193694, 2.171099, 0.286854, 67, 0, 3, 4
2, 0, 12.000000, 0.275229, 0.875420, 0.954152, 59, 2, 1, 4
2, 0, 12.000000, 0.087934, 0.731194, 0.557731, 61, 2, 3, 7
2, 0, 12.000000, 0.195973, 0.215830, 0.969684, 64, 2, 2, 9
2, 0, 12.000000, 0.037257, 2.430470, 0.402414, 65, 0, 2, 2
2, 0, 12.000000, 0.366342, 0.447697, 0.235347, 65, 1, 1, 2
2, 0, 42.000000, 0.193454, 2.793720, 0.450249, 58, 15, 4, 0
2, 0, 36.000000, 0.197996, 1.060896, 0.554104, 65, 6, 0, 5
2, 0, 78.000000, 0.219557, 0.212917, 0.312270, 55, 12, 1, 2
2, 0, 12.000000, 0.688798, 1.238688, 0.681192, 12, 3, 3, 3
2, 0, 30.000000, 0.345072, 0.520920, 0.752520, 58, 4, 3, 3
2, 0, 12.000000, 0.324747, 1.314714, 0.368781, 63, 1, 0, 2
2, 0, 12.000000, 0.128978, 0.413348, 0.713946, 61, 0, 2, 6
2, 0, 12.000000, 0.151320, 0.624924, 0.799430, 64, 1, 0, 4
2, 0, 42.000000, 0.259884, 0.600409, 0.046366, 55, 6, 0, 6
2, 0, 12.000000, 0.127812, 0.419067, 0.912205, 62, 0, 0, 3
2, 0, 66.000000, 0.270618, 0.973887, 0.649645, 57, 9, 1, 3
2, 0, 12.000000, 0.330025, 0.760671, 0.343009, 60, 0, 1, 4
2, 0, 12.000000, 0.416801, 0.646886, 0.103337, 59, 1, 0, 2
2, 0, 12.000000, 0.044307, 0.930905, 0.975336, 61, 0, 1, 2
2, 0, 12.000000, 0.140356, 0.840377, 0.340264, 60, 0, 1, 2
2, 0, 12.000000, 0.403346, 1.384721, 0.587554, 64, 0, 1, 0
2, 0, 12.000000, 0.661240, 0.668939, 0.889302, 29, 0, 2, 4
2, 0, 12.000000, 0.256428, 0.444670, 0.854881, 61, 5, 0, 4
2, 0, 18.000000, 0.402829, 0.808996, 0.537944, 59, 2, 1, 4
2, 0, 12.000000, 0.053312, 0.933432, 0.328144, 63, 1, 0, 2
2, 0, 12.000000, 0.173586, 1.658934, 0.249643, 62, 0, 3, 4
2, 0, 12.000000, 0.047934, 0.869260, 0.636209, 66, 0, 0, 1
2, 0, 12.000000, 0.110825, 2.434921, 0.658302, 67, 0, 5, 7
2, 0, 12.000000, 0.456643, 2.003592, 0.622602, 63, 1, 2, 1
2, 0, 12.000000, 0.224479, 2.095724, 0.221388, 66, 0, 9, 9
2, 0, 12.000000, 0.145711, 0.469443, 0.399224, 57, 2, 0, 5
2, 0, 12.000000, 0.304471, 0.744227, 0.088489, 67, 0, 5, 8
2, 0, 12.000000, 0.182034, 0.765944, 0.059570, 62, 0, 0, 4
2, 0, 12.000000, 0.157466, 0.609064, 0.738764, 63, 1, 5, 3
2, 0, 12.000000, 0.132236, 0.450899, 0.768191, 60, 0, 3, 5
2, 0, 12.000000, 0.103956, 0.305567, 0.566483, 60, 1, 2, 3
2, 0, 12.000000, 0.190586, 0.793206, 0.803072, 59, 1, 1, 4
2, 0, 24.000000, 0.349764, 1.364926, 0.342189, 62, 5, 3, 1
2, 0, 30.000000, 0.217131, 0.261270, 0.304193, 60, 5, 0, 3
2, 0, 24.000000, 0.292452, 0.814456, 0.981967, 57, 4, 0, 2
2, 0, 12.000000, 0.393130, 0.249585, 0.619642, 64, 1, 0, 3
2, 0, 18.000000, 0.266429, 0.450721, 0.317426, 61, 2, 0, 3
2, 0, 72.000000, 0.257836, 2.800076, 0.595501, 60, 19, 2, 2
2, 0, 12.000000, 0.362178, 2.562974, 0.106283, 60, 1, 9, 13
2, 0, 12.000000, 0.401183, 1.666676, 0.089752, 63, 0, 5, 7
2, 0, 24.000000, 0.151191, 0.605018, 0.086888, 64, 2, 2, 3
2, 0, 42.000000, 0.538696, 0.206218, 0.679896, 4, 5, 0, 2
2, 0, 12.000000, 0.137451, 0.273457, 0.358304, 63, 0, 5, 5
2, 0, 12.000000, 0.163101, 1.205662, 0.435081, 65, 0, 3, 3
2, 0, 12.000000, 0.329889, 0.555231, 0.339355, 57, 0, 1, 7
2, 0, 12.000000, 0.090558, 1.370238, 0.927308, 63, 0, 1, 7
2, 0, 54.000000, 0.041052, 0.568304, 0.074853, 58, 9, 4, 4
2, 0, 12.000000, 0.155293, 1.279773, 0.531805, 65, 1, 2, 5
2, 0, 24.000000, 0.622381, 0.453660, 0.079427, 58, 7, 4, 3
2, 0, 12.000000, 0.354626, 0.684221, 0.890740, 62, 0, 7, 2
2, 0, 12.000000, 0.073958, 0.300648, 0.489642, 64, 0, 7, 4
2, 0, 12.000000, 0.253930, 0.244510, 0.064287, 66, 0, 1, 6
2, 0, 12.000000, 0.182295, 0.905289, 0.068236, 63, 0, 0, 5
2, 0, 12.000000, 0.099413, 0.660573, 0.731192, 59, 4, 0, 7
2, 0, 12.000000, 0.434629, 2.793268, 0.440291, 62, 0, 9, 14
2, 0, 12.000000, 0.041329, 1.491049, 0.022800, 64, 0, 2, 6
2, 0, 12.000000, 0.480869, 0.653505, 0.318600, 44, 0, 0, 4
2, 0, 12.000000, 0.039420, 0.448555, 0.699176, 67, 0, 0, 3
2, 0, 12.000000, 0.233292, 0.453672, 0.953631, 63, 0, 5, 4
2, 0, 30.000000, 0.366755, 0.803173, 0.005140, 59, 4, 3, 1
2, 0, 12.000000, 0.082646, 0.518415, 0.422914, 63, 0, 7, 8
2, 0, 12.000000, 0.394524, 1.243433, 0.897268, 60, 1, 4, 5
2, 0, 12.000000, 0.118830, 0.922647, 0.568769, 63, 0, 3, 4
2, 0, 12.000000, 0.314260, 0.523630, 0.028074, 62, 0, 5, 1
2, 0, 12.000000, 0.078763, 1.046050, 0.177728, 68, 0, 4, 6
2, 0, 12.000000, 0.200668, 0.911977, 0.162854, 65, 0, 5, 4
2, 0, 30.000000, 0.347972, 1.072914, 0.048862, 58, 5, 3, 2
2, 0, 12.000000, 0.306012, 1.106245, 0.807302, 65, 0, 1, 5
2, 0, 12.000000, 0.243826, 0.730168, 0.114418, 68, 0, 2, 5
2, 0, 24.000000, 0.674606, 0.142269, 0.496700, 13, 3, 0, 4
2, 0, 12.000000, 0.405330, 1.222749, 0.460126, 63, 0, 5, 4
2, 0, 12.000000, 0.448585, 1.446574, 0.374830, 63, 0, 5, 8
2, 0, 12.000000, 0.492671, 1.199615, 0.169704, 64, 0, 1, 5
2, 0, 30.000000, 0.194942, 0.756729, 0.734593, 62, 4, 2, 4
2, 0, 18.000000, 0.025243, 0.751994, 0.129914, 60, 1, 1, 0
2, 0, 30.000000, 0.232025, 0.556243, 0.293416, 10, 10, 1, 9
2, 0, 24.000000, 0.471083, 0.093165, 0.183687, 3, 2, 0, 3
2, 0, 12.000000, 0.057446, 4.004767, 0.212819, 59, 1, 3, 5
2, 0, 12.000000, 0.109762, 0.293170, 0.467343, 64, 0, 0, 4
2, 0, 12.000000, 0.272762, 3.085177, 0.925063, 65, 0, 2, 7
2, 0, 12.000000, 0.340272, 0.624512, 0.920507, 63, 0, 3, 9
2, 0, 12.000000, 0.076971, 0.400840, 0.568703, 65, 0, 6, 6
2, 0, 12.000000, 0.053577, 0.869871, 0.441471, 63, 0, 1, 5
2, 0, 12.000000, 0.113522, 2.062268, 0.726540, 62, 1, 8, 1
2, 0, 12.000000, 0.038161, 0.552711, 0.361897, 64, 0, 3, 8
2, 0, 12.000000, 0.320794, 1.157347, 0.262089, 61, 1, 1, 0
2, 0, 12.000000, 0.371790, 0.133770, 0.349449, 62, 1, 3, 7
2, 0, 12.000000, 0.063198, 1.083537, 0.350277, 55, 0, 0, 0
2, 0, 12.000000, 0.317979, 0.596181, 0.404142, 57, 1, 2, 0
2, 0, 12.000000, 0.053384, 1.529434, 0.512000, 62, 0, 1, 1
2, 0, 36.000000, 0.178305, 0.731054, 0.757811, 56, 13, 2, 7
2, 0, 12.000000, 0.227034, 1.178553, 0.275588, 60, 2, 2, 8
2, 0, 12.000000, 0.352196, 2.565723, 0.019504, 57, 0, 1, 4
2, 0, 30.000000, 0.055957, 1.337683, 0.792290, 59, 4, 2, 0
2, 0, 48.000000, 0.274611, 0.591929, 0.844944, 63, 14, 2, 2
2, 0, 12.000000, 0.360800, 0.708894, 0.209894, 62, 1, 0, 5
2, 0, 12.000000, 0.507779, 0.126051, 0.222977, 6, 9, 0, 9
2, 0, 12.000000, 0.499720, 0.242906, 0.991040, 60, 1, 4, 4
2, 0, 36.000000, 0.153944, 1.710049, 0.118178, 57, 17, 1, 9
2, 0, 12.000000, 0.203449, 4.381615, 0.827408, 65, 0, 5, 4
2, 0, 12.000000, 0.144603, 0.609078, 0.689376, 62, 0, 1, 1
2, 0, 12.000000, 0.378917, 0.138027, 0.973646, 56, 1, 0, 6
2, 0, 12.000000, 0.024031, 2.480652, 0.122060, 66, 0, 4, 9
2, 0, 12.000000, 0.052706, 2.161815, 0.700898, 62, 0, 0, 5
2, 0, 24.000000, 0.405693, 1.645248, 0.369260, 57, 5, 1, 4
2, 0, 60.000000, 0.059117, 0.245583, 0.581346, 60, 10, 0, 4
2, 0, 12.000000, 0.345327, 0.390427, 0.313312, 60, 1, 0, 1
2, 0, 12.000000, 0.102862, 0.371773, 0.517964, 58, 2, 8, 20
2, 0, 12.000000, 0.207592, 0.277001, 0.037391, 64, 0, 2, 4
2, 0, 12.000000, 0.366817, 1.263753, 0.605378, 58, 1, 0, 2
2, 0, 12.000000, 0.364842, 1.583828, 0.791594, 68, 0, 2, 7
2, 0, 48.000000, 0.356541, 1.449163, 0.462789, 57, 15, 0, 1
2, 0, 12.000000, 0.214940, 1.893710, 0.012217, 65, 0, 6, 4
2, 0, 66.000000, 0.451840, 0.443000, 0.949629, 65, 10, 3, 1
2, 0, 48.000000, 0.095465, 1.906490, 0.606933, 59, 16, 1, 1
2, 0, 12.000000, 0.240547, 0.699887, 0.302908, 61, 0, 4, 0
2, 0, 12.000000, 0.333561, 0.757184, 0.715922, 62, 1, 2, 6
2, 0, 12.000000, 0.286998, 1.211196, 0.039266, 61, 0, 0, 9
2, 0, 12.000000, 0.169224, 0.667456, 0.644220, 58, 9, 1, 5
2, 0, 12.000000, 0.077479, 1.234621, 0.197452, 63, 0, 1, 8
2, 0, 12.000000, 0.233160, 0.173364, 0.678864, 61, 0, 4, 0
2, 0, 18.000000, 0.360947, 0.700613, 0.721419, 56, 4, 1, 6
2, 0, 42.000000, 0.451902, 0.361960, 0.835172, 59, 5, 1, 4
2, 0, 12.000000, 0.074107, 0.665168, 0.784267, 60, 0, 3, 13
2, 0, 12.000000, 0.280988, 0.796966, 0.659630, 61, 0, 0, 0
2, 0, 12.000000, 0.150626, 1.932795, 0.030446, 63, 0, 4, 10
2, 0, 12.000000, 0.172352, 0.949420, 0.648933, 63, 0, 2, 2
2, 0, 12.000000, 0.384364, 2.052331, 0.967692, 63, 0, 1, 5
2, 0, 12.000000, 0.506674, 0.804575, 0.941792, 51, 1, 1, 4
2, 0, 72.000000, 0.240084, 1.562512, 0.238623, 16, 18, 0, 0
2, 0, 12.000000, 0.095649, 1.089377, 0.471688, 63, 0, 0, 8
2, 0, 12.000000, 0.001464, 2.025957, 0.324734, 60, 0, 2, 7
2, 0, 12.000000, 0.254826, 1.565612, 0.189717, 63, 0, 1, 6
2, 0, 12.000000, 0.391655, 1.464634, 0.678607, 62, 0, 2, 2
2, 0, 12.000000, 0.540552, 0.472260, 0.819669, 63, 1, 1, 2
2, 0, 18.000000, 0.146902, 0.415380, 0.196836, 53, 4, 6, 7
2, 0, 36.000000, 0.312976, 1.261656, 0.745422, 63, 4, 3, 0
2, 0, 12.000000, 0.151934, 0.346371, 0.236729, 66, 0, 3, 2
2, 0, 12.000000, 0.000300, 1.098587, 0.321941, 64, 0, 2, 1
2, 0, 12.000000, 0.104661, 1.789441, 0.656084, 60, 2, 1, 1
2, 0, 12.000000, 0.050612, 0.409548, 0.022916, 61, 2, 1, 4
2, 0, 12.000000, 0.381484, 1.532853, 0.406489, 64, 0, 2, 4
2, 0, 12.000000, 0.326623, 0.505739, 0.403129, 61, 1, 3, 3
2, 0, 36.000000, 0.256499, 0.317168, 0.137596, 60, 4, 0, 5
2, 0, 30.000000, 0.123895, 0.560142, 0.985843, 58, 3, 0, 6
2, 0, 12.000000, 0.263127, 0.946189, 0.045359, 61, 0, 1, 8
2, 0, 12.000000, 0.380901, 1.027776, 0.066728, 61, 0, 0, 5
2, 0, 24.000000, 0.188821, 1.212897, 0.518931, 56, 7, 1, 0
2, 0, 18.000000, 0.291766, 0.577661, 0.266843, 61, 2, 2, 0
2, 0, 12.000000, 0.408019, 2.178229, 0.815633, 61, 0, 1, 3
2, 0, 12.000000, 0.265955, 0.702334, 0.874418, 60, 1, 2, 3
2, 0, 12.000000, 0.253487, 1.514259, 0.372142, 63, 0, 0, 0
2, 0, 12.000000, 0.185963, 0.627498, 0.947617, 65, 0, 2, 4
2, 0, 12.000000, 0.338412, 0.442255, 0.653437, 57, 1, 2, 2
2, 0, 12.000000, 0.127678, 1.719735, 0.193132, 66, 0, 0, 6
2, 0, 42.000000, 0.034731, 0.179052, 0.728832, 59, 7, 0, 5
2, 0, 12.000000, 0.130124, 1.589282, 0.001191, 63, 1, 8, 15
2, 0, 24.000000, 0.374051, 0.576227, 0.572839, 56, 8, 0, 4
2, 0, 30.000000, 0.269200, 1.182319, 0.726629, 57, 9, 4, 4
2, 0, 12.000000, 0.106011, 1.016427, 0.473854, 65, 0, 0, 0
2, 0, 12.000000, 0.330996, 1.018100, 0.937503, 62, 0, 2, 3
2, 0, 66.000000, 0.200429, 0.755388, 0.338646, 62, 15, 4, 8
2, 0, 12.000000, 0.333391, 0.859296, 0.862061, 62, 0, 0, 7
2, 0, 12.000000, 0.200117, 0.808236, 0.331816, 63, 1, 0, 2
2, 0, 12.000000, 0.191079, 0.985576, 0.099566, 66, 0, 0, 2
2, 0, 12.000000, 0.060811, 0.800076, 0.474179, 62, 1, 3, 6
2, 0, 12.000000, 0.186501, 0.651031, 0.156058, 63, 0, 0, 5
2, 0, 48.000000, 0.407243, 0.703718, 0.992871, 57, 10, 2, 0
2, 0, 12.000000, 0.176947, 0.388162, 0.870355, 65, 0, 3, 8
2, 0, 12.000000, 0.207087, 0.721760, 0.843854, 65, 1, 5, 0
2, 0, 12.000000, 0.369636, 1.391455, 0.498667, 62, 0, 3, 3
2, 0, 12.000000, 0.026116, 0.370710, 0.608596, 62, 0, 1, 5
2, 0, 12.000000, 0.505363, 2.961480, 0.395293, 58, 0, 5, 7
2, 0, 12.000000, 0.465823, 0.615195, 0.951838, 56, 0, 2, 3
2, 0, 12.000000, 0.421360, 0.274399, 0.847373, 54, 1, 0, 2
2, 0, 36.000000, 0.146795, 1.031225, 0.860390, 56, 15, 7, 12
2, 0, 36.000000, 0.616929, 0.143302, 0.723036, 19, 4, 2, 4
2, 0, 12.000000, 0.111792, 0.986852, 0.015308, 64, 0, 0, 3
2, 0, 12.000000, 0.060216, 0.260587, 0.141885, 62, 0, 3, 2
2, 0, 12.000000, 0.172053, 1.035741, 0.518851, 65, 0, 3, 4
2, 0, 12.000000, 0.318171, 0.641880, 0.315136, 60, 4, 0, 5
2, 0, 42.000000, 0.044217, 1.879409, 0.358748, 60, 12, 2, 5
2, 0, 12.000000, 0.128278, 1.616950, 0.291249, 65, 0, 1, 2
2, 0, 12.000000, 0.542867, 1.313082, 0.805840, 58, 1, 5, 6
2, 0, 12.000000, 0.301135, 0.308423, 0.762272, 65, 0, 4, 5
2, 0, 12.000000, 0.210812, 0.824051, 0.500412, 59, 0, 3, 4
2, 0, 12.000000, 0.203755, 1.485424, 0.905289, 57, 1, 0, 2
2, 0, 48.000000, 0.352007, 0.677580, 0.238592, 65, 8, 7, 5
2, 0, 48.000000, 0.402951, 1.593519, 0.736848, 58, 7, 1, 8
2, 0, 12.000000, 0.276769, 0.164011, 0.693495, 63, 0, 1, 6
2, 0, 12.000000, 0.020602, 0.636682, 0.740519, 65, 1, 2, 3
2, 0, 96.000000, 0.414225, 1.798065, 0.361902, 53, 15, 2, 6
2, 0, 12.000000, 0.049724, 0.548243, 0.477687, 61, 2, 2, 6
2, 0, 12.000000, 0.168636, 2.081500, 0.539238, 69, 0, 0, 4
2, 0, 12.000000, 0.054759, 1.219904, 0.668639, 61, 0, 6, 5
2, 0, 12.000000, 0.200221, 0.910378, 0.523596, 64, 0, 4, 0
2, 0, 12.000000, 0.139744, 0.289735, 0.664748, 64, 1, 4, 2
2, 0, 12.000000, 0.025701, 0.318616, 0.783394, 59, 0, 3, 2
2, 0, 12.000000, 0.234233, 5.294895, 0.483275, 63, 0, 4, 0
2, 0, 12.000000, 0.097156, 0.716184, 0.414044, 63, 0, 3, 2
2, 0, 12.000000, 0.137917, 1.463992, 0.308304, 63, 0, 0, 6
2, 0, 12.000000, 0.340099, 2.500985, 0.156253, 63, 1, 7, 3
2, 0, 12.000000, 0.298053, 0.944477, 0.780487, 52, 8, 4, 3
2, 0, 12.000000, 0.142277, 0.796338, 0.126689, 62, 0, 1, 0
2, 0, 24.000000, 0.448666, 1.110905, 0.243964, 55, 14, 0, 4
2, 0, 12.000000, 0.187657, 0.839073, 0.183591, 62, 0, 2, 3
2, 0, 12.000000, 0.227894, 2.662141, 0.503386, 61, 1, 4, 1
2, 0, 24.000000, 0.292909, 0.304067, 0.962552, 56, 5, 0, 3
2, 0, 36.000000, 0.276104, 0.748225, 0.613245, 56, 8, 4, 9
2, 0, 12.000000, 0.428266, 1.045727, 0.311688, 59, 0, 0, 4
2, 0, 66.000000, 0.021889, 0.199046, 0.869676, 57, 10, 1, 3
2, 0, 42.000000, 0.091682, 0.317451, 0.555457, 58, 15, 4, 5
2, 0, 12.000000, 0.268459, 0.883581, 0.586338, 67, 0, 4, 7
2, 0, 24.000000, 0.031328, 0.254514, 0.204208, 59, 3, 3, 5
2, 0, 12.000000, 0.342680, 1.319590, 0.043290, 60, 1, 3, 8
2, 0, 12.000000, 0.269919, 1.094478, 0.004410, 64, 0, 1, 3
2, 0, 30.000000, 0.331697, 3.385750, 0.374017, 54, 14, 4, 5
2, 0, 36.000000, 0.206814, 1.348103, 0.569674, 61, 5, 3, 5
2, 0, 24.000000, 0.020575, 0.537919, 0.008091, 60, 6, 3, 12
2, 0, 18.000000, 0.387120, 0.970062, 0.744163, 55, 3, 2, 7
2, 0, 36.000000, 0.654366, 0.555094, 0.899216, 0, 6, 3, 3
2, 0, 24.000000, 0.276104, 0.121088, 0.665976, 61, 7, 6, 6
2, 0, 18.000000, 0.147115, 0.079117, 0.986907, 63, 1, 2, 0
2, 0, 18.000000, 0.230179, 0.071686, 0.143589, 11, 2, 2, 3
2, 0, 12.000000, 0.547429, 0.833119, 0.797977, 30, 0, 2, 0
2, 0, 18.000000, 0.236685, 0.874716, 0.376483, 61, 1, 2, 2
2, 0, 12.000000, 0.260939, 0.703946, 0.706279, 65, 0, 1, 3
2, 0, 12.000000, 0.211259, 1.305394, 0.799213, 65, 2, 2, 1
2, 0, 12.000000, 0.038866, 2.092011, 0.728698, 62, 0, 0, 0
2, 0, 12.000000, 0.001671, 1.949017, 0.133348, 65, 0, 5, 5
2, 0, 60.000000, 0.053243, 1.074227, 0.352876, 60, 18, 11, 18
2, 0, 12.000000, 0.188552, 0.922560, 0.612538, 62, 1, 1, 3
2, 0, 12.000000, 0.104710, 0.609091, 0.810736, 59, 1, 2, 2
2, 0, 18.000000, 0.620102, 0.344513, 0.605091, 54, 4, 3, 12
2, 0, 12.000000, 0.047642, 1.172446, 0.745401, 64, 2, 0, 3
2, 0, 12.000000, 0.291823, 1.300091, 0.284256, 60, 0, 0, 0
2, 0, 12.000000, 0.457139, 0.944399, 0.199975, 63, 0, 1, 5
2, 0, 12.000000, 0.160024, 0.242954, 0.704365, 64, 0, 3, 1
2, 0, 12.000000, 0.342265, 0.466226, 0.583114, 61, 0, 3, 3
2, 0, 12.000000, 0.429312, 1.901754, 0.467928, 72, 0, 3, 8
2, 0, 12.000000, 0.315632, 0.368615, 0.491000, 64, 0, 1, 0
2, 0, 12.000000, 0.061096, 1.599134, 0.821941, 65, 3, 4, 1
2, 0, 12.000000, 0.130447, 0.719710, 0.508748, 65, 0, 2, 0
2, 0, 12.000000, 0.084097, 1.297849, 0.423486, 71, 0, 0, 0
